ID,Caption
ImageCLEFmedical_Caption_2026_valid_0,"MRI of the brain showing the pituitary gland and surrounding structures. The corpus callosum appears slightly thinned.
    
    The image displays a sagittal view of the brain, revealing the pituitary gland at the base of the brain. The corpus callosum, a large white matter tract connecting the two hemispheres, appears slightly thinned in this view. The overall brain structure seems relatively normal, though a detailed analysis would require comparison with prior scans or clinical information.
    
    This is a sagittal MRI of the brain. It shows the pituitary gland and the corpus callosum. The corpus callosum is slightly thinned in this view.
    
    MRI of the brain, sagittal view. The pituitary gland is visible at the bottom of the image. The corpus callosum is also visible. The corpus callosum appears slightly thinner than normal in this image.
    
    This sagittal MRI of the brain shows the pituitary gland and the corpus callosum. The corpus callosum appears to be slightly thinned.
    
    MRI of the brain, sagittal view. The pituitary gland is visible at the bottom of the image. The corpus callosum is also visible. The corpus callosum appears slightly thinner than normal in this image.
    
    MRI brain sagittal view. Pituitary gland visible. Corpus callosum appears slightly thinned.
    
    MRI of the brain, sagittal view. The pituitary gland is visible at the bottom of the image. The corpus callosum is also visible. The corpus callosum appears slightly thinner than normal in this image.
    
    Brain MRI showing pituitary gland and corpus callosum. The corpus callosum appears slightly thinned.
    
    MRI of the brain showing the pituitary gland and the corpus callosum. The corpus callosum is slightly thinned in this view.
    
    MRI of the brain, sagittal view. The pituitary gland is visible at the bottom of the image. The corpus callosum is also visible. The corpus callosum appears slightly thinner than normal in this image.
    
    MRI of the brain sagittal view showing the pituitary gland and corpus callosum. The corpus callosum appears slightly thinned.
    
    MRI of the brain, sagittal view. The pituitary gland is visible at the bottom of the image. The corpus callosum is also visible. The corpus callosum appears slightly thinner than normal in this image.
    
    MRI of the brain sagittal view showing the pituitary gland and corpus callosum. The corpus callosum appears slightly th"
ImageCLEFmedical_Caption_2026_valid_1,MRI of the brain showing mild diffuse cerebral atrophy.
